First Last,First,Last,Company,Domain
Mark Bonello,Mark,Bonello,Books & Gifts Direct Pty Ltd,www.booksgiftsdirect.com
Brenton Gray,Brenton,Gray,Davell Products Pty Limited,www.davell.com.au
Jason Potter,Jason,Potter,Vivaz Dance,www.vivazdance.com.au
Janet Papoulias,Janet,Papoulias,Lollypotz,www.lollypotz.com.au
David Irvine,David,Irvine,Caprice Paper Products,www.capricepaper.com.au
Fiona Godsall,Fiona,Godsall,Bend + Mend: Physiotherapy & Pilates,www.bendandmend.com.au
Lynda Collier,Lynda,Collier,Colliers Crystals & Gifts,www.collierscrystals.com.au
Geoff Stapleton,Geoff,Stapleton,GSES Global Sustainable Energy Solutions,www.gses.com.au
Joel Deakin,Joel,Deakin,George & King,www.georgeandking.com.au
Stephen Bell,Stephen,Bell,iHR Australia,www.ihraustralia.com
Stephane Lemenager,Stephane,Lemenager,Lawrence Dry Cleaners,www.lawrencedrycleaners.com.au
Eric Kung,Eric,Kung,Human Dynamic - Australia,www.humandynamic.com
Andrew Seppelt,Andrew,Seppelt,Murray Street Vineyards,www.murraystreet.com.au
Kim Tyrer,Kim,Tyrer,Galafrey Wines,www.galafreywines.com.au
Angus Logan,Angus,Logan,Jan Logan,www.janlogan.com
William Pulver,William,Pulver,Australian Rugby Union Limited,www.rugby.com.au
Richard Sweet,Richard,Sweet,4 Pines Brewing Company Pty Ltd,www.4pinesbeer.com.au
Caroline Welsh,Caroline,Welsh,Birchip Cropping Group (BCG),www.bcg.org.au
Tim Cecil,Tim,Cecil,Henry Bucks,www.henrybucks.com.au
Ben Riley,,,Phenix Jewellery,www.phenixjewellery.com
