First Last,First,Last,Company,Domain
Alice Eastman,Alice,Eastman,GWS Giants,www.gwsgiants.com.au
Sam Reece,Sam,Reece,Showpo,www.showpo.com
Yvonne Jeffries,Yvonne,Jeffries,Jeffries,www.jeffries.com.au
Jeremy Djurovich,Jeremy,Djurovich,Proactivity,www.proactivity.com.au
Andrew Firesheets,Andrew,Firesheets,Advantage Air,www.advantageair.com.au
Gayle Hardie,Gayle,Hardie,Global Leadership Foundation,www.globalleadershipfoundation.com
Alan Mauch,Alan,Mauch,Human Dynamic - Australia,www.humandynamic.com
Skyler Overholts,Skyler,Overholts,Advantage Air,www.advantageair.com.au
Kimberly Beech,Kimberly,Beech,Eden Gardens,www.edengardens.com.au
Mason Crozier,Mason,Crozier,Western Bulldogs,www.westernbulldogs.com.au
John Radakovitz,John,Radakovitz,Dimple,www.dimplecare.com
Dawn Bednar,Dawn,Bednar,Simply Hydroponics,www.simplyhydroponics.com.au
Rossi Boots,Rossi,Boots,Rossi Boots,www.rossiboots.com.au
Doug Rathbone,Doug,Rathbone,Rathbone Wine Group Pty. Ltd.,www.rathbonewinegroup.com
Viktor Vagner Cromb,Viktor,Cromb,KOOKAI Australia,www.kookai.com.au
Tammy Sherriff,Tammy,Sherriff,The Workwear Group,www.workweargroup.com.au
Mike Tsangaris,Mike,Tsangaris,Ted's Camera Stores (Vic) Pty Limited,www.teds.com.au
Howard Wood,Howard,Wood,3D Printing Studios,www.3dprintingstudios.com
Hayley Osborn,Hayley,Osborn,Parramatta Eels National Rugby League Club,www.parraeels.com.au
Jeff Doidge,,,ATP Science,www.atpscience.com
