First Last,First,Last,Company,Domain
Justin Reeves,Justin,Reeves,Hawthorn Football Club Limited,www.hawthornfc.com.au
Elise Verity,Elise,Verity,Bec + Bridge,www.becandbridge.com.au
Ian Fuhr,Ian,Fuhr,Rodney Clark,www.rodneyclark.com
Mary Poulakis,Mary,Poulakis,Harrolds,www.harrolds.com.au
Sacha Drake,Sacha,Drake,SACHA DRAKE Pty Ltd,www.sachadrake.com
Georgina Wills,Georgina,Wills,Melbourne International Film Festival,www.miff.com.au
Kathryn Bishop,Kathryn,Bishop,Embrace Life,www.embracelife.net.au
Corey Enright,Corey,Enright,Geelong Cats,www.geelongcats.com.au
Greg Raubenheimer,Greg,Raubenheimer,Vitag Pty Ltd,www.vitag.com.au
David Naismith,David,Naismith,Solgen Energy Pty Ltd,www.solgen.com.au
Evan Psarakis,Evan,Psarakis,The Workwear Group,www.workweargroup.com.au
Neil Midalia,Neil,Midalia,Boody - Bamboo Eco Wear,www.boody.com.au
Andy Lawlor,Andy,Lawlor,Paspaley Pearls Pty Limited,www.paspaley.com
Naomi Wild,Naomi,Wild,Lifeline Australia,www.lifeline.org.au
Ian Schrader,Ian,Schrader,Ufs Dispensaries Ltd,www.ufs.com.au
Andrew Mikhail,Andrew,Mikhail,Parramatta Eels National Rugby League Club,www.parraeels.com.au
Damien Mc Dowell,Damien,Dowell,Collingwood Football Club Limited,www.collingwoodfc.com.au
Mike Watson,Mike,Watson,Deltagen Australia,www.deltagen.com.au
Georgia Beck,Georgia,Beck,Adelaide Football Club,www.afc.com.au
Tony Holland,,,Ozhelp,www.ozhelp.org.au
