First Last,First,Last,Company,Domain
Raj Kothuru,Raj,Kothuru,Aura Health Concepts,www.aurahealth.com.au
Matthew Grimshaw,Matthew,Grimshaw,Sam's Fitness,www.samsfitness.com.au
Terri Winter,Terri,Winter,top3 by design,www.top3.com.au
John Harris,John,Harris,Mitchell Harris Wines,www.mitchellharris.com.au
Chloe Paratore,Chloe,Paratore,frank body,www.frankbody.com
Alan Davis,Alan,Davis,Nuheara Ltd,www.nuheara.com
Kellie Macpherson Stones,Kellie,Stones,Castle and Cubby,www.castleandcubby.com.au
Simon Davey,Simon,Davey,Happy Melon Studios,www.happymelon.com.au
Tobi Pearce,Tobi,Pearce,Sweat,www.sweat.com
Toby Cumpstay,Toby,Cumpstay,Simply for Strings Pty Ltd,www.simplyforstrings.com.au
Shaun Holthouse,Shaun,Holthouse,Catapult Group International Ltd,www.catapultsports.com
Greg Brown,Greg,Brown,Poolwerx Corporation Pty Ltd,www.poolwerx.com.au
Dean Totterman,Dean,Totterman,Phenix Jewellery,www.phenixjewellery.com
Alex Talevski,Alex,Talevski,Swann Communications Pty. Ltd.,www.swann.com
Robert Ely,Robert,Ely,York Jewellers,www.yorkjewellers.com.au
Drew Wareham,Drew,Wareham,Ladbrokes Australia Pty Ltd,www.ladbrokes.com.au
Jagadeesh Morampudi,Jagadeesh,Morampudi,Mail Boxes Etc. Australia Pty Ltd,www.mbe.com.au
Garry Mortlock,Garry,Mortlock,Mr Vitamins,www.mrvitamins.com.au
Aaron Haw,Aaron,Haw,Brown Brothers Milawa Vineyard Pty. Limited,www.brownbrothers.com.au
Bill Huynh,,,Interior Secrets Furniture,www.interiorsecrets.com.au
