First Last,First,Last,Company,Domain
Napoleon Perdis,Napoleon,Perdis,Napoleon Perdis Cosmetics Pty. Ltd.,www.napoleonperdis.com
Simon Donohue,Simon,Donohue,Dairy Australia Limited,www.dairyaustralia.com.au
Natalie Taylor,Natalie,Taylor,GWS Giants,www.gwsgiants.com.au
Jessica Manning,Jessica,Manning,Carlton Football Club,www.carltonfc.com.au
Ben Teoh,Ben,Teoh,South Pacific Private,www.southpacificprivate.com.au
Simon Price,Simon,Price,Halgan Pty Ltd,www.halgan.com.au
Rebekah Fanner,Rebekah,Fanner,Adore Beauty Pty Ltd,www.adorebeauty.com.au
Dani Jerkic,Dani,Jerkic,Sweat,www.sweat.com
David Shute,David,Shute,Dairy Australia Limited,www.dairyaustralia.com.au
Peter Mullen,Peter,Mullen,Mullen Natural Health Centre,www.mullenhealth.com.au
Diana Guarino,Diana,Guarino,Catch.com.au,www.catch.com.au
Pari Vamvakas,Pari,Vamvakas,Ideal Drape Makers,www.idealdrapemakers.com.au
Russell Chan,Russell,Chan,BRITA Water Filters AUS/NZ,www.brita.com.au
Riccardo Perere,Riccardo,Perere,Canningvale Australia Ltd,www.canningvale.com
Tanya Turnbull,Tanya,Turnbull,Poolwerx Corporation Pty Ltd,www.poolwerx.com.au
Tim Silvers,Tim,Silvers,Adelaide Football Club,www.afc.com.au
Jamie Cook,Jamie,Cook,Stone & Wood Brewing Company Pty Ltd.,www.stoneandwood.com.au
Wayne Leslie,Wayne,Leslie,Basford Brands,www.basfordbrands.com
Joesph Trey,Joesph,Trey,Eden Gardens,www.edengardens.com.au
Nancy Davis,,,McArthur,www.mcarthur.com.au
