First Last,First,Last,Company,Domain
Nic Dracakis,Nic,Dracakis,Dracakis Jewellers,www.dracakis.com.au
Russell Glasser,Russell,Glasser,Healthcare 2 You,www.healthcare2you.com.au
Lauren Walker,Lauren,Walker,National Retail Association,www.nra.net.au
Slade Douglas Simkins,Slade,Simkins,Boomerang Books,www.boomerangbooks.com.au
Jeff Dutton,Jeff,Dutton,Alchemy Cordial Company,www.alchemycordial.com.au
Jackie Ricketts,Jackie,Ricketts,Pearsons Florist,www.pearsonsflorist.com.au
Jaye Eccleston,Jaye,Eccleston,Hawthorn Football Club Limited,www.hawthornfc.com.au
Martin Brook,Martin,Brook,Brookfarm,www.brookfarm.com.au
Brad Fidge,Brad,Fidge,4 Pines Brewing Company Pty Ltd,www.4pinesbeer.com.au
Peter Wolff,Peter,Wolff,Wolff Coffee Roasters,www.wolffcoffeeroasters.com.au
Julia Canty Waldron,Julia,Waldron,Ermha Ltd,www.ermha.org
Peter Ingall,Peter,Ingall,Mayfield Chocolates,www.mayfieldchocolates.com.au
Todd Atkinson,Todd,Atkinson,4 Pines Brewing Company Pty Ltd,www.4pinesbeer.com.au
Tim James,Tim,James,Catch.com.au,www.catch.com.au
Malcolm Price,Malcolm,Price,Poolwerx Corporation Pty Ltd,www.poolwerx.com.au
John Dawson,John,Dawson,Ngala,www.ngala.com.au
John Jewell,John,Jewell,John Jewell Design,www.johnjewelldesign.com.au
Leanne Demartini,Leanne,Demartini,Thousand Island Dressing,www.thousandislanddressing.com
Will Brook,Will,Brook,Brookfarm,www.brookfarm.com.au
Renzo Castillo,,,Di Bartoli Coffee,www.dibartoli.com.au
