First Last,First,Last,Company,Domain
Jonathan Cramb,Jonathan,Cramb,Transform Physio,www.transformphysio.com.au
Rae Walter,Rae,Walter,Ngala,www.ngala.com.au
Don Ricci,Don,Ricci,Madman Entertainment Pty. Ltd.,www.madman.com.au
Robert Hill Smith,Robert,Smith,Yalumba Wine Company,www.yalumba.com
Mike Watson,Mike,Watson,Deltagen Australia,www.deltagen.com.au
Scott Browning,Scott,Browning,Jaggad,www.jaggad.com
Craig Stansborough,Craig,Stansborough,Grant Burge Wines Pty Ltd.,www.grantburgewines.com.au
Michael Purcell,Michael,Purcell,Lifeline Australia,www.lifeline.org.au
Melissa Ellery,Melissa,Ellery,Adelaide Football Club,www.afc.com.au
Tim Harris,Tim,Harris,RedFlow Ltd,www.redflow.com
William Jahnke,William,Jahnke,Murray Street Vineyards,www.murraystreet.com.au
Tom Vlahos,Tom,Vlahos,Melbourne Mint,www.melbournemint.com.au
Warren Roberts,Warren,Roberts,Poolwerx Corporation Pty Ltd,www.poolwerx.com.au
Michael Horne,Michael,Horne,Ladbrokes Australia Pty Ltd,www.ladbrokes.com.au
Stephen May,Stephen,May,Menulog Group Limited,www.menulog.com.au
David Zehner,David,Zehner,Australian Brandenburg Orchestra,www.brandenburg.com.au
Paul Solomon,Paul,Solomon,Moose Toys,www.moosetoys.com
Tracy Dunham,Tracy,Dunham,The Decor Corporation Pty. Ltd.,www.decor.com.au
Leo Pegoli,Leo,Pegoli,Pressed Juices,www.pressedjuices.com.au
Nicola Grayson,,,Consult Australia,www.consultaustralia.com.au
