First Last,First,Last,Company,Domain
Dan Ferguson,Dan,Ferguson,Adore Beauty Pty Ltd,www.adorebeauty.com.au
Steve Traurig,Steve,Traurig,Booktopia Pty Ltd.,www.booktopia.com.au
Ben Dart,Ben,Dart,Moose Toys,www.moosetoys.com
Andrew Ferguson,Andrew,Ferguson,Ferguson Australia Pty Ltd.,www.fergusonaustralia.com
Lina Calabria,Lina,Calabria,Bellroy,www.bellroy.com
Debralee Scarselletta,Debralee,Scarselletta,Napoleon Perdis Cosmetics Pty. Ltd.,www.napoleonperdis.com
Toni Doidge,Toni,Doidge,ATP Science,www.atpscience.com
Julie White,Julie,White,Flooring Xtra,www.flooringxtra.com.au
Will Austin,Will,Austin,Gazman,www.gazman.com.au
Nikki Yeaman,Nikki,Yeaman,CostumeBox.com.au Pty Ltd,www.costumebox.com.au
Tyng Tay,Tyng,Tay,Kitchen Food Company,www.kitchenfoodcompany.com
David Bosman,David,Bosman,Total Tools,www.totaltools.com.au
Ashok Wadhwa,Ashok,Wadhwa,Furniture Bazaar,www.furniturebazaar.com.au
Elliot Midalia,Elliot,Midalia,Boody - Bamboo Eco Wear,www.boody.com.au
James Height,James,Height,Adore Beauty Pty Ltd,www.adorebeauty.com.au
Gareth Williams,Gareth,Williams,Adore Beauty Pty Ltd,www.adorebeauty.com.au
Mac Laudenbach,Mac,Laudenbach,Catapult Group International Ltd,www.catapultsports.com
Shushin Tang,Shushin,Tang,kikki.K Pty Ltd.,www.kikki-k.com
Cameron Pinto,Cameron,Pinto,Jaggad,www.jaggad.com
Tony Nash,,,Booktopia Pty Ltd.,www.booktopia.com.au
